{"UUID":"tXlguvvBl92jEeU5ayV98i","layoutMainAxisSizing":null,"layoutCrossAxisSizing":null,"name":"Task","isVisible":true,"boundaryRectangle":null,"style":null,"prototypeNodeUUID":null,"child":null,"constraints":null,"debug":false,"pngPath":"/usr/src/app/temp-out/pb-tmp-5c1a6549-b830-4f62-ac35-717ed762dd29/registerapp/lib/assets/images","pages":[{"UUID":"0:1","layoutMainAxisSizing":null,"layoutCrossAxisSizing":null,"name":"Page 1","isVisible":true,"boundaryRectangle":null,"style":null,"prototypeNodeUUID":null,"child":null,"constraints":null,"convert":true,"screens":[],"pbdlType":"page"}],"miscPages":[],"sharedStyles":[],"globalStyles":{"UUID":"","layoutMainAxisSizing":null,"layoutCrossAxisSizing":null,"name":"","isVisible":false,"boundaryRectangle":null,"style":null,"prototypeNodeUUID":null,"child":null,"constraints":null,"pbdlType":"global_styles","designSystem":"material","colors":[{"UUID":"2:23","layoutMainAxisSizing":null,"layoutCrossAxisSizing":null,"name":"Neutral/Dark/Light","isVisible":false,"boundaryRectangle":null,"style":null,"prototypeNodeUUID":null,"child":null,"constraints":null,"description":"71727A","pbdlType":"global_color","color":{"a":1.0,"r":0.4431372582912445,"g":0.4470588266849518,"b":0.47843137383461}},{"UUID":"2:9","layoutMainAxisSizing":null,"layoutCrossAxisSizing":null,"name":"Neutral/Light/Lightest","isVisible":false,"boundaryRectangle":null,"style":null,"prototypeNodeUUID":null,"child":null,"constraints":null,"description":"FFFFFF","pbdlType":"global_color","color":{"a":1.0,"r":1.0,"g":1.0,"b":1.0}},{"UUID":"2:24","layoutMainAxisSizing":null,"layoutCrossAxisSizing":null,"name":"Neutral/Dark/Lightest","isVisible":false,"boundaryRectangle":null,"style":null,"prototypeNodeUUID":null,"child":null,"constraints":null,"description":"8F9098","pbdlType":"global_color","color":{"a":1.0,"r":0.5607843399047852,"g":0.5647059082984924,"b":0.5960784554481506}},{"UUID":"2:27","layoutMainAxisSizing":null,"layoutCrossAxisSizing":null,"name":"Neutral/Light/Darkest","isVisible":false,"boundaryRectangle":null,"style":null,"prototypeNodeUUID":null,"child":null,"constraints":null,"description":"C5C6CC","pbdlType":"global_color","color":{"a":1.0,"r":0.772549033164978,"g":0.7764706015586853,"b":0.800000011920929}},{"UUID":"2:25","layoutMainAxisSizing":null,"layoutCrossAxisSizing":null,"name":"Highlight/Darkest","isVisible":false,"boundaryRectangle":null,"style":null,"prototypeNodeUUID":null,"child":null,"constraints":null,"description":"006FFD","pbdlType":"global_color","color":{"a":1.0,"r":0.0,"g":0.43529412150382996,"b":0.9921568632125854}},{"UUID":"3:85","layoutMainAxisSizing":null,"layoutCrossAxisSizing":null,"name":"Neutral/Dark/Dark","isVisible":false,"boundaryRectangle":null,"style":null,"prototypeNodeUUID":null,"child":null,"constraints":null,"description":"2F3036","pbdlType":"global_color","color":{"a":1.0,"r":0.18328125774860382,"g":0.18912501633167267,"b":0.21250000596046448}},{"UUID":"3:88","layoutMainAxisSizing":null,"layoutCrossAxisSizing":null,"name":"Neutral/Dark/Darkest","isVisible":false,"boundaryRectangle":null,"style":null,"prototypeNodeUUID":null,"child":null,"constraints":null,"description":"1E1E1E","pbdlType":"global_color","color":{"a":1.0,"r":0.12156862765550613,"g":0.125490203499794,"b":0.1411764770746231}}],"textStyles":[{"UUID":"2:28","layoutMainAxisSizing":null,"layoutCrossAxisSizing":null,"name":"Body/Body M","isVisible":false,"boundaryRectangle":null,"style":null,"prototypeNodeUUID":null,"child":null,"constraints":null,"description":"","pbdlType":"global_text_style","textStyle":{"UUID":"","layoutMainAxisSizing":null,"layoutCrossAxisSizing":null,"name":"","isVisible":false,"boundaryRectangle":null,"style":null,"prototypeNodeUUID":"","child":null,"constraints":null,"fontFamily":"Inter","fontPostScriptName":null,"paragraphSpacing":0,"paragraphIndent":0,"listSpacing":0,"italics":null,"fontWeight":400,"fontSize":14.0,"textCase":"ORIGINAL","textDecoration":"NONE","textAutoResize":"WIDTH_AND_HEIGHT","textAlignHorizontal":"LEFT","textAlignVertical":"TOP","letterSpacing":0.0,"fills":null,"hyperLink":null,"opentypeFlags":{},"lineHeightPx":20.0,"lineHeightPercent":118.04158782958984,"lineHeightPercentFontSize":142.85714721679688,"lineHeightUnit":"PIXELS","pbdlType":"text_style"}},{"UUID":"3:86","layoutMainAxisSizing":null,"layoutCrossAxisSizing":null,"name":"Heading/H5","isVisible":false,"boundaryRectangle":null,"style":null,"prototypeNodeUUID":null,"child":null,"constraints":null,"description":"","pbdlType":"global_text_style","textStyle":{"UUID":"","layoutMainAxisSizing":null,"layoutCrossAxisSizing":null,"name":"","isVisible":false,"boundaryRectangle":null,"style":null,"prototypeNodeUUID":"","child":null,"constraints":null,"fontFamily":"Inter","fontPostScriptName":null,"paragraphSpacing":0,"paragraphIndent":0,"listSpacing":0,"italics":null,"fontWeight":700,"fontSize":12.0,"textCase":"ORIGINAL","textDecoration":"NONE","textAutoResize":"WIDTH_AND_HEIGHT","textAlignHorizontal":"LEFT","textAlignVertical":"TOP","letterSpacing":0.0,"fills":null,"hyperLink":null,"opentypeFlags":{},"lineHeightPx":14.522727012634277,"lineHeightPercent":100.0,"lineHeightPercentFontSize":null,"lineHeightUnit":"INTRINSIC_%","pbdlType":"text_style"}},{"UUID":"3:89","layoutMainAxisSizing":null,"layoutCrossAxisSizing":null,"name":"Body/Body XS","isVisible":false,"boundaryRectangle":null,"style":null,"prototypeNodeUUID":null,"child":null,"constraints":null,"description":"","pbdlType":"global_text_style","textStyle":{"UUID":"","layoutMainAxisSizing":null,"layoutCrossAxisSizing":null,"name":"","isVisible":false,"boundaryRectangle":null,"style":null,"prototypeNodeUUID":"","child":null,"constraints":null,"fontFamily":"Inter","fontPostScriptName":null,"paragraphSpacing":0,"paragraphIndent":0,"listSpacing":0,"italics":null,"fontWeight":400,"fontSize":10.0,"textCase":"ORIGINAL","textDecoration":"NONE","textAutoResize":"WIDTH_AND_HEIGHT","textAlignHorizontal":"LEFT","textAlignVertical":"TOP","letterSpacing":0.15,"fills":null,"hyperLink":null,"opentypeFlags":{},"lineHeightPx":14.0,"lineHeightPercent":115.68075561523438,"lineHeightPercentFontSize":140.0,"lineHeightUnit":"PIXELS","pbdlType":"text_style"}},{"UUID":"3:90","layoutMainAxisSizing":null,"layoutCrossAxisSizing":null,"name":"Body/Body S","isVisible":false,"boundaryRectangle":null,"style":null,"prototypeNodeUUID":null,"child":null,"constraints":null,"description":"","pbdlType":"global_text_style","textStyle":{"UUID":"","layoutMainAxisSizing":null,"layoutCrossAxisSizing":null,"name":"","isVisible":false,"boundaryRectangle":null,"style":null,"prototypeNodeUUID":"","child":null,"constraints":null,"fontFamily":"Inter","fontPostScriptName":null,"paragraphSpacing":0,"paragraphIndent":0,"listSpacing":0,"italics":null,"fontWeight":400,"fontSize":12.0,"textCase":"ORIGINAL","textDecoration":"NONE","textAutoResize":"WIDTH_AND_HEIGHT","textAlignHorizontal":"LEFT","textAlignVertical":"TOP","letterSpacing":0.12,"fills":null,"hyperLink":null,"opentypeFlags":{},"lineHeightPx":16.0,"lineHeightPercent":110.1721420288086,"lineHeightPercentFontSize":133.3333282470703,"lineHeightUnit":"PIXELS","pbdlType":"text_style"}}],"themeColors":[],"themeTextStyles":[]},"pbdlType":"project","azure_container_uri":"https://pbnestcore.blob.core.windows.net/txlguvvbl92jeeu5ayv98i"}